Data;ESTOQUE;MAXIMO;MINIMO
03/jan/22;413088;589683;302092
04/jan/22;413109;589683;302092
05/jan/22;413110;589683;302092
06/jan/22;413104;589683;302092
07/jan/22;413108;589683;302092
10/jan/22;413080;589683;302092
11/jan/22;413088;589683;302092
12/jan/22;413103;589683;302092
13/jan/22;413104;589683;302092
14/jan/22;413095;589683;302092
17/jan/22;413099;589683;302092
18/jan/22;413102;589683;302092
19/jan/22;413110;589683;302092
21/jan/22;413113;589683;302092
24/jan/22;413107;589683;302092
25/jan/22;413128;589683;302092
26/jan/22;413144;589683;302092
27/jan/22;413153;589683;302092
28/jan/22;413158;589683;302092
31/jan/22;413174;589683;302092
01/fev/22;413186;589683;302092
02/fev/22;413183;589683;302092
03/fev/22;413183;589683;302092
04/fev/22;413182;589683;302092
07/fev/22;413180;589683;302092
08/fev/22;413164;589683;302092
09/fev/22;413149;589683;302092
10/fev/22;413148;589683;302092
11/fev/22;413147;589683;302092
14/fev/22;413180;589683;302092
15/fev/22;413184;589683;302092
16/fev/22;413174;589683;302092
17/fev/22;413171;589683;302092
18/fev/22;413168;589683;302092
21/fev/22;413182;589683;302092
22/fev/22;413176;589683;302092
23/fev/22;413161;589683;302092
24/fev/22;413157;589683;302092
25/fev/22;413168;589683;302092
28/fev/22;413194;589683;302092
01/mar/22;413189;589683;302092
02/mar/22;413192;589683;302092
03/mar/22;413209;589683;302092
04/mar/22;413216;589683;302092
07/mar/22;413175;589683;302092
08/mar/22;413201;589683;302092
09/mar/22;413199;589683;302092
10/mar/22;413191;589683;302092
11/mar/22;413183;589683;302092
14/mar/22;413192;589683;302092
15/mar/22;413206;589683;302092
16/mar/22;413197;589683;302092
17/mar/22;413189;589683;302092
18/mar/22;413173;589683;302092
21/mar/22;413160;589683;302092
22/mar/22;413164;589683;302092
23/mar/22;413154;589683;302092
24/mar/22;413142;589683;302092
25/mar/22;413138;589683;302092
28/mar/22;413141;589683;302092
29/mar/22;413168;589683;302092
30/mar/22;413169;589683;302092
31/mar/22;413170;589683;302092
01/abr/22;413166;589683;302092
04/abr/22;413167;589683;302092
05/abr/22;413181;589683;302092
06/abr/22;413173;589683;302092
07/abr/22;413172;589683;302092
08/abr/22;413139;589683;302092
11/abr/22;413136;589683;302092
12/abr/22;413141;589683;302092
13/abr/22;413141;589683;302092
14/abr/22;413142;589683;302092
18/abr/22;413129;589683;302092
19/abr/22;413128;589683;302092
20/abr/22;413116;589683;302092
22/abr/22;413104;589683;302092
25/abr/22;413083;589683;302092
26/abr/22;413092;589683;302092
27/abr/22;413083;589683;302092
28/abr/22;413091;589683;302092
29/abr/22;413096;589683;302092
02/mai/22;413098;589683;302092
03/mai/22;413115;589683;302092
04/mai/22;413104;589683;302092
05/mai/22;413098;589683;302092
06/mai/22;413088;589683;302092
09/mai/22;413072;589683;302092
10/mai/22;413064;589683;302092
11/mai/22;413049;589683;302092
12/mai/22;413053;589683;302092
13/mai/22;413036;589683;302092
16/mai/22;413024;589683;302092
17/mai/22;413036;589683;302092
18/mai/22;413036;589683;302092
19/mai/22;413026;589683;302092
20/mai/22;413027;589683;302092
23/mai/22;413032;589683;302092
24/mai/22;413058;589683;302092
25/mai/22;413058;589683;302092
26/mai/22;413062;589683;302092
27/mai/22;413053;589683;302092
30/mai/22;413078;589683;302092
31/mai/22;413090;589683;302092
01/jun/22;413084;589683;302092
02/jun/22;413098;589683;302092
03/jun/22;413104;589683;302092
06/jun/22;413074;589683;302092
07/jun/22;413069;589683;302092
08/jun/22;413072;589683;302092
09/jun/22;413065;589683;302092
10/jun/22;413061;589683;302092
13/jun/22;413053;589683;302092
14/jun/22;413037;589683;302092
15/jun/22;413035;589683;302092
16/jun/22;413022;589683;302092
17/jun/22;413020;589683;302092
20/jun/22;413017;589683;302092
21/jun/22;413028;589683;302092
22/jun/22;413036;589683;302092
23/jun/22;413048;589683;302092
27/jun/22;413080;589683;302092
28/jun/22;413062;589683;302092
29/jun/22;413067;589683;302092
30/jun/22;413067;589683;302092
01/jul/22;413077;589683;302092
04/jul/22;413094;589683;302092
05/jul/22;413096;589683;302092
06/jul/22;413091;589683;302092
07/jul/22;413082;589683;302092
08/jul/22;413062;589683;302092
11/jul/22;413045;589683;302092
12/jul/22;413039;589683;302092
13/jul/22;413028;589683;302092
14/jul/22;413025;589683;302092
15/jul/22;413021;589683;302092
18/jul/22;413025;589683;302092
19/jul/22;413022;589683;302092
20/jul/22;413003;589683;302092
21/jul/22;412996;589683;302092
22/jul/22;412988;589683;302092
25/jul/22;412986;589683;302092
26/jul/22;412991;589683;302092
27/jul/22;412977;589683;302092
28/jul/22;412974;589683;302092
29/jul/22;412967;589683;302092
01/ago/22;412960;589683;302092
02/ago/22;412977;589683;302092
03/ago/22;412989;589683;302092
04/ago/22;412989;589683;302092
05/ago/22;412989;589683;302092
08/ago/22;412965;589683;302092
09/ago/22;412963;589683;302092
10/ago/22;412966;589683;302092
11/ago/22;412978;589683;302092
12/ago/22;412982;589683;302092
15/ago/22;412970;589683;302092
16/ago/22;412981;589683;302092
17/ago/22;412988;589683;302092
18/ago/22;412992;589683;302092
19/ago/22;412991;589683;302092
22/ago/22;413010;589683;302092
23/ago/22;413023;589683;302092
24/ago/22;413032;589683;302092
25/ago/22;413032;589683;302092
26/ago/22;413038;589683;302092
29/ago/22;413057;589683;302092
30/ago/22;413071;589683;302092
31/ago/22;413069;589683;302092
01/set/22;413082;589683;302092
02/set/22;413092;589683;302092
05/set/22;413077;589683;302092
06/set/22;413072;589683;302092
08/set/22;413069;589683;302092
09/set/22;413053;589683;302092
12/set/22;413054;589683;302092
13/set/22;413052;589683;302092
14/set/22;413052;589683;302092
15/set/22;413059;589683;302092
16/set/22;413054;589683;302092
19/set/22;413051;589683;302092
20/set/22;413056;589683;302092
21/set/22;413056;589683;302092
22/set/22;413062;589683;302092
23/set/22;413057;589683;302092
26/set/22;413072;589683;302092
27/set/22;413078;589683;302092
28/set/22;413067;589683;302092
29/set/22;413065;589683;302092
30/set/22;413067;589683;302092
03/out/22;413088;589683;302092
04/out/22;413109;589683;302092
05/out/22;413112;589683;302092
06/out/22;413118;589683;302092
07/out/22;413108;589683;302092
10/out/22;413097;589683;302092
11/out/22;413094;589683;302092
13/out/22;413081;589683;302092
14/out/22;413056;589683;302092
17/out/22;413068;589683;302092
18/out/22;413070;589683;302092
19/out/22;413089;589683;302092
20/out/22;413072;589683;302092
21/out/22;413085;589683;302092
24/out/22;413076;589683;302092
25/out/22;413081;589683;302092
26/out/22;413089;589683;302092
27/out/22;413101;589683;302092
28/out/22;413107;589683;302092
31/out/22;413123;589683;302092
01/nov/22;413125;589683;302092
03/nov/22;413130;589683;302092
04/nov/22;413124;589683;302092
07/nov/22;413124;589683;302092
08/nov/22;413119;589683;302092
09/nov/22;413111;589683;302092
10/nov/22;413104;589683;302092
11/nov/22;413106;589683;302092
14/nov/22;413102;589683;302092
16/nov/22;413102;589683;302092
17/nov/22;413089;589683;302092
18/nov/22;413085;589683;302092
21/nov/22;413085;589683;302092
22/nov/22;413081;589683;302092
23/nov/22;413072;589683;302092
24/nov/22;413061;589683;302092
25/nov/22;413057;589683;302092
28/nov/22;413046;589683;302092
29/nov/22;413053;589683;302092
30/nov/22;413047;589683;302092
01/dez/22;413046;589683;302092
02/dez/22;413054;589683;302092
05/dez/22;413057;589683;302092
06/dez/22;413047;589683;302092
07/dez/22;413037;589683;302092
09/dez/22;413013;589683;302092
12/dez/22;412987;589683;302092
13/dez/22;412980;589683;302092
14/dez/22;412976;589683;302092
15/dez/22;412970;589683;302092
16/dez/22;412950;589683;302092
19/dez/22;412959;589683;302092
20/dez/22;412947;589683;302092
21/dez/22;412960;589683;302092
22/dez/22;412944;589683;302092
23/dez/22;412939;589683;302092
26/dez/22;413046;589683;302092
27/dez/22;412914;589683;302092
28/dez/22;412917;589683;302092
29/dez/22;412910;589683;302092
30/dez/22;412961;589683;302092
02/jan/23;412925;589683;302092
03/jan/23;412919;589683;302092
04/jan/23;412915;589683;302092
05/jan/23;412925;589683;302092
06/jan/23;412927;589683;302092
09/jan/23;412917;589683;302092
10/jan/23;412927;589683;302092
11/jan/23;412927;589683;302092
12/jan/23;412930;589683;302092
13/jan/23;412939;589683;302092
16/jan/23;412945;589683;302092
17/jan/23;412942;589683;302092
18/jan/23;412944;589683;302092
19/jan/23;412954;589683;302092
23/jan/23;412962;589683;302092
24/jan/23;412962;589683;302092
25/jan/23;412969;589683;302092
26/jan/23;412976;589683;302092
27/jan/23;412980;589683;302092
30/jan/23;412978;589683;302092
31/jan/23;412980;589683;302092
01/fev/23;412985;589683;302092
02/fev/23;412993;589683;302092
03/fev/23;412997;589683;302092
06/fev/23;412972;589683;302092
07/fev/23;412959;589683;302092
08/fev/23;412953;589683;302092
09/fev/23;412946;589683;302092
10/fev/23;412939;589683;302092
13/fev/23;412960;589683;302092
14/fev/23;412959;589683;302092
15/fev/23;412959;589683;302092
16/fev/23;412953;589683;302092
17/fev/23;412949;589683;302092
22/fev/23;412945;589683;302092
23/fev/23;412944;589683;302092
24/fev/23;412943;589683;302092
27/fev/23;412946;589683;302092
28/fev/23;412950;589683;302092
01/mar/23;412950;589683;302092
02/mar/23;412948;589683;302092
03/mar/23;412938;589683;302092
07/mar/23;412933;589683;302092
08/mar/23;412921;589683;302092
09/mar/23;412917;589683;302092
10/mar/23;412915;589683;302092
13/mar/23;412877;589683;302092
14/mar/23;412869;589683;302092
15/mar/23;412864;589683;302092
16/mar/23;412864;589683;302092
17/mar/23;412865;589683;302092
20/mar/23;412845;589683;302092
21/mar/23;412839;589683;302092
22/mar/23;412833;589683;302092
23/mar/23;412831;589683;302092
24/mar/23;412822;589683;302092
27/mar/23;412829;589683;302092
28/mar/23;412824;589683;302092
29/mar/23;412823;589683;302092
30/mar/23;412823;589683;302092
31/mar/23;412822;589683;302092
03/abr/23;412813;589683;302092
04/abr/23;412814;589683;302092
05/abr/23;412811;589683;302092
06/abr/23;412809;589683;302092
10/abr/23;412812;589683;302092
11/abr/23;412810;589683;302092
12/abr/23;412808;589683;302092
13/abr/23;412806;589683;302092
14/abr/23;412802;589683;302092
17/abr/23;412797;589683;302092
18/abr/23;412801;589683;302092
19/abr/23;412797;589683;302092
20/abr/23;412795;589683;302092
24/abr/23;412794;589683;302092
25/abr/23;412793;589683;302092
26/abr/23;412795;589683;302092
27/abr/23;412803;589683;302092
28/abr/23;412803;589683;302092
02/mai/23;412794;589683;302092
03/mai/23;412793;589683;302092
04/mai/23;412793;589683;302092
05/mai/23;412785;589683;302092
08/mai/23;412778;589683;302092
09/mai/23;412782;589683;302092
10/mai/23;412773;589683;302092
11/mai/23;412772;589683;302092
12/mai/23;412778;589683;302092
15/mai/23;412778;589683;302092
16/mai/23;412781;589683;302092
17/mai/23;412779;589683;302092
18/mai/23;412775;589683;302092
19/mai/23;412777;589683;302092
22/mai/23;412771;589683;302092
23/mai/23;412772;589683;302092
24/mai/23;412769;589683;302092
25/mai/23;412767;589683;302092
26/mai/23;412767;589683;302092
29/mai/23;412772;589683;302092
30/mai/23;412771;589683;302092
31/mai/23;412769;589683;302092
01/jun/23;412765;589683;302092
02/jun/23;412765;589683;302092
05/jun/23;412768;589683;302092
06/jun/23;412765;589683;302092
07/jun/23;412763;589683;302092
08/jun/23;412763;589683;302092
09/jun/23;412765;589683;302092
12/jun/23;412766;589683;302092
13/jun/23;412764;589683;302092
14/jun/23;412766;589683;302092
15/jun/23;412764;589683;302092
16/jun/23;412766;589683;302092
19/jun/23;412762;589683;302092
20/jun/23;412762;589683;302092
21/jun/23;412764;589683;302092
22/jun/23;412759;589683;302092
23/jun/23;412758;589683;302092
26/jun/23;412755;589683;302092
27/jun/23;412758;589683;302092
28/jun/23;412758;589683;302092
29/jun/23;412759;589683;302092
30/jun/23;412759;589683;302092
03/jul/23;412762;589683;302092
04/jul/23;412766;589683;302092
05/jul/23;412764;589683;302092
06/jul/23;412760;589683;302092
07/jul/23;412762;589683;302092
10/jul/23;412754;589683;302092
11/jul/23;412752;589683;302092
12/jul/23;412751;589683;302092
13/jul/23;412752;589683;302092
14/jul/23;412755;589683;302092
17/jul/23;412753;589683;302092
18/jul/23;412754;589683;302092
19/jul/23;412753;589683;302092
20/jul/23;412752;589683;302092
21/jul/23;412750;589683;302092
24/jul/23;412749;589683;302092
25/jul/23;412751;589683;302092
26/jul/23;412754;589683;302092
27/jul/23;412890;589683;302092
28/jul/23;412756;589683;302092
31/jul/23;412758;589683;302092
01/ago/23;412761;589683;302092
02/ago/23;412761;589683;302092
03/ago/23;412759;589683;302092
04/ago/23;412760;589683;302092
07/ago/23;412761;589683;302092
08/ago/23;412760;589683;302092
09/ago/23;412762;589683;302092
10/ago/23;412762;589683;302092
11/ago/23;412766;589683;302092
14/ago/23;412760;589683;302092
15/ago/23;412761;589683;302092
16/ago/23;412767;589683;302092
17/ago/23;412769;589683;302092
18/ago/23;412771;589683;302092
21/ago/23;412769;589683;302092
22/ago/23;412769;589683;302092
23/ago/23;412763;589683;302092
24/ago/23;412765;589683;302092
25/ago/23;412766;589683;302092
28/ago/23;412763;589683;302092
29/ago/23;412760;589683;302092
30/ago/23;412767;589683;302092
31/ago/23;412765;589683;302092
01/set/23;412770;589683;302092
04/set/23;412771;589683;302092
05/set/23;412771;589683;302092
06/set/23;412771;589683;302092
08/set/23;412772;589683;302092
12/set/23;412762;589683;302092
13/set/23;412766;589683;302092
14/set/23;412959;589683;302092
15/set/23;412956;589683;302092
18/set/23;412949;589683;302092
19/set/23;412950;589683;302092
20/set/23;412933;589683;302092
21/set/23;412928;589683;302092
22/set/23;412917;589683;302092
25/set/23;412896;589683;302092
26/set/23;412895;589683;302092
27/set/23;412903;589683;302092
28/set/23;412907;589683;302092
29/set/23;412896;589683;302092
02/out/23;412875;589683;302092
03/out/23;412890;589683;302092
04/out/23;412896;589683;302092
05/out/23;412902;589683;302092
06/out/23;412908;589683;302092
09/out/23;412894;589683;302092
10/out/23;412891;589683;302092
11/out/23;412896;589683;302092
16/out/23;412888;589683;302092
17/out/23;412892;589683;302092
18/out/23;412892;589683;302092
19/out/23;412890;589683;302092
20/out/23;412893;589683;302092
23/out/23;412891;589683;302092
24/out/23;412901;589683;302092
25/out/23;412909;589683;302092
26/out/23;412920;589683;302092
27/out/23;412921;589683;302092
30/out/23;412944;589683;302092
31/out/23;412963;589683;302092
01/nov/23;412965;589683;302092
06/nov/23;412985;589683;302092
07/nov/23;412983;589683;302092
08/nov/23;412989;589683;302092
09/nov/23;412993;589683;302092
10/nov/23;412988;589683;302092
13/nov/23;412984;589683;302092
14/nov/23;412985;589683;302092
16/nov/23;412979;589683;302092
17/nov/23;412976;589683;302092
20/nov/23;412972;589683;302092
21/nov/23;412971;589683;302092
22/nov/23;412971;589683;302092
23/nov/23;412977;589683;302092
24/nov/23;412976;589683;302092
27/nov/23;412899;589683;302092
28/nov/23;412904;589683;302092
29/nov/23;412910;589683;302092
30/nov/23;412904;589683;302092
01/dez/23;412899;589683;302092
04/dez/23;412906;589683;302092
05/dez/23;412906;589683;302092
06/dez/23;412903;589683;302092
07/dez/23;412895;589683;302092
11/dez/23;412855;589683;302092
12/dez/23;412842;589683;302092
13/dez/23;412850;589683;302092
14/dez/23;412852;589683;302092
15/dez/23;412856;589683;302092
18/dez/23;412878;589683;302092
19/dez/23;412889;589683;302092
20/dez/23;412902;589683;302092
21/dez/23;412908;589683;302092
22/dez/23;412909;589683;302092
26/dez/23;412910;589683;302092
27/dez/23;412910;589683;302092
28/dez/23;412920;589683;302092
29/dez/23;412927;589683;302092
02/jan/24;412912;589683;302092
03/jan/24;412921;589683;302092
04/jan/24;412915;589683;302092
05/jan/24;412899;589683;302092
08/jan/24;412872;589683;302092
09/jan/24;412867;589683;302092
10/jan/24;412864;589683;302092
11/jan/24;412869;589683;302092
12/jan/24;412863;589683;302092
15/jan/24;412843;589683;302092
16/jan/24;412847;589683;302092
17/jan/24;412846;589683;302092
18/jan/24;412847;589683;302092
19/jan/24;412851;589683;302092
22/jan/24;412862;589683;302092
23/jan/24;412867;589683;302092
24/jan/24;412867;589683;302092
25/jan/24;412865;589683;302092
26/jan/24;412861;589683;302092
29/jan/24;412865;589683;302092
30/jan/24;412867;589683;302092
31/jan/24;412873;589683;302092
01/fev/24;412874;589683;302092
02/fev/24;412870;589683;302092
05/fev/24;412867;589683;302092
06/fev/24;412870;589683;302092
07/fev/24;412868;589683;302092
08/fev/24;412861;589683;302092
09/fev/24;412891;589683;302092
12/fev/24;412864;589683;302092
13/fev/24;412864;589683;302092
14/fev/24;412868;589683;302092
15/fev/24;412878;589683;302092
16/fev/24;412885;589683;302092
19/fev/24;412884;589683;302092
20/fev/24;412879;589683;302092
21/fev/24;412887;589683;302092
22/fev/24;412890;589683;302092
28/fev/24;412896;589683;302092
29/fev/24;412893;589683;302092
01/mar/24;412887;589683;302092
04/mar/24;412900;589683;302092
05/mar/24;412906;589683;302092
07/mar/24;412913;589683;302092
08/mar/24;412899;589683;302092
11/mar/24;412881;589683;302092
12/mar/24;412865;589683;302092
13/mar/24;412863;589683;302092
14/mar/24;412868;589683;302092
15/mar/24;412861;589683;302092
18/mar/24;412880;589683;302092
19/mar/24;412896;589683;302092
20/mar/24;412897;589683;302092
21/mar/24;412900;589683;302092
22/mar/24;412901;589683;302092
25/mar/24;412876;589683;302092
26/mar/24;412887;589683;302092
27/mar/24;412909;589683;302092
28/mar/24;412912;589683;302092
01/abr/24;412857;589683;302092
02/abr/24;412878;589683;302092
03/abr/24;412888;589683;302092
04/abr/24;412888;589683;302092
05/abr/24;412894;589683;302092
08/abr/24;412893;589683;302092
09/abr/24;412891;589683;302092
10/abr/24;412896;589683;302092
11/abr/24;412897;589683;302092
12/abr/24;412903;589683;302092
15/abr/24;412874;589683;302092
16/abr/24;412870;589683;302092
17/abr/24;412875;589683;302092
18/abr/24;412882;589683;302092
19/abr/24;412885;589683;302092
22/abr/24;412888;589683;302092
23/abr/24;412890;589683;302092
24/abr/24;412892;589683;302092
25/abr/24;412894;589683;302092
26/abr/24;412885;589683;302092
29/abr/24;412841;589683;302092
30/abr/24;412841;589683;302092
01/mai/24;412835;589683;302092
02/mai/24;412835;589683;302092
03/mai/24;412848;589683;302092
06/mai/24;412851;589683;302092
07/mai/24;412848;589683;302092
08/mai/24;412870;589683;302092
09/mai/24;412862;589683;302092
10/mai/24;412852;589683;302092
13/mai/24;412849;589683;302092
14/mai/24;412853;589683;302092
15/mai/24;412861;589683;302092
16/mai/24;412858;589683;302092
17/mai/24;412861;589683;302092
20/mai/24;412853;589683;302092
21/mai/24;412859;589683;302092
22/mai/24;412865;589683;302092
23/mai/24;412870;589683;302092
24/mai/24;412867;589683;302092
27/mai/24;412852;589683;302092
28/mai/24;412862;589683;302092
29/mai/24;412874;589683;302092
30/mai/24;412866;589683;302092
31/mai/24;412858;589683;302092
03/jun/24;412878;589683;302092
04/jun/24;412879;589683;302092
05/jun/24;412879;589683;302092
06/jun/24;412887;589683;302092
07/jun/24;412895;589683;302092
10/jun/24;412891;589683;302092
11/jun/24;412888;589683;302092
13/jun/24;412874;589683;302092
14/jun/24;412863;589683;302092
17/jun/24;412858;589683;302092
18/jun/24;412859;589683;302092
19/jun/24;412865;589683;302092
20/jun/24;412871;589683;302092
21/jun/24;412874;589683;302092
24/jun/24;412873;589683;302092
25/jun/24;412876;589683;302092
26/jun/24;412877;589683;302092
27/jun/24;412873;589683;302092
28/jun/24;412868;589683;302092
29/jun/24;412866;589683;302092
01/jul/24;412828;589683;302092
02/jul/24;412846;589683;302092
03/jul/24;412861;589683;302092
04/jul/24;412865;589683;302092
05/jul/24;412866;589683;302092
08/jul/24;412853;589683;302092
09/jul/24;412848;589683;302092
10/jul/24;412851;589683;302092
11/jul/24;412841;589683;302092
12/jul/24;412851;589683;302092
15/jul/24;412849;589683;302092
16/jul/24;412865;589683;302092
17/jul/24;412872;589683;302092
18/jul/24;412871;589683;302092
19/jul/24;412884;589683;302092
22/jul/24;412888;589683;302092
23/jul/24;412874;589683;302092
24/jul/24;412875;589683;302092
25/jul/24;412883;589683;302092
26/jul/24;412880;589683;302092
27/jul/24;412873;589683;302092
29/jul/24;412862;589683;302092
30/jul/24;412866;589683;302092
31/jul/24;412859;589683;302092
01/ago/24;412848;589683;302092
02/ago/24;412854;589683;302092
05/ago/24;412847;589683;302092
06/ago/24;412856;589683;302092
07/ago/24;412864;589683;302092
08/ago/24;412870;589683;302092
09/ago/24;412865;589683;302092
12/ago/24;412862;589683;302092
13/ago/24;412873;589683;302092
14/ago/24;412883;589683;302092
16/ago/24;412882;589683;302092
19/ago/24;412864;589683;302092
20/ago/24;412865;589683;302092
21/ago/24;412859;589683;302092
22/ago/24;412856;589683;302092
23/ago/24;412868;589683;302092
26/ago/24;412880;589683;302092
27/ago/24;412878;589683;302092
28/ago/24;412890;589683;302092
29/ago/24;412886;589683;302092
30/ago/24;412884;589683;302092
02/set/24;412860;589683;302092
03/set/24;412872;589683;302092
04/set/24;412888;589683;302092
05/set/24;412895;589683;302092
06/set/24;412891;589683;302092
09/set/24;412899;589683;302092
10/set/24;412897;589683;302092
12/set/24;412894;589683;302092
13/set/24;412892;589683;302092
16/set/24;412867;589683;302092
17/set/24;412881;589683;302092
18/set/24;412880;589683;302092
19/set/24;412891;589683;302092
20/set/24;412886;589683;302092
23/set/24;412895;589683;302092
24/set/24;412904;589683;302092
25/set/24;412900;589683;302092
26/set/24;412904;589683;302092
27/set/24;412894;589683;302092
30/set/24;412902;589683;302092
01/out/24;412892;589683;302092
02/out/24;412906;589683;302092
03/out/24;412918;589683;302092
04/out/24;412922;589683;302092
07/out/24;412913;589683;302092
08/out/24;412914;589683;302092
09/out/24;412922;589683;302092
10/out/24;412916;589683;302092
11/out/24;412932;589683;302092
14/out/24;412927;589683;302092
17/out/24;412891;589683;302092
23/out/24;412930;589683;302092
24/out/24;412926;589683;302092
25/out/24;412921;589683;302092
26/out/24;412921;589683;302092
27/out/24;412912;589683;302092
28/out/24;412914;589683;302092
29/out/24;412923;589683;302092
30/out/24;412930;589683;302092
31/out/24;412943;589683;302092
01/nov/24;412932;589683;302092
02/nov/24;412935;589683;302092
03/nov/24;412935;589683;302092
04/nov/24;412936;589683;302092
05/nov/24;412950;589683;302092
06/nov/24;412955;589683;302092
07/nov/24;412954;589683;302092
08/nov/24;412949;589683;302092
09/nov/24;412951;589683;302092
10/nov/24;412944;589683;302092
11/nov/24;412946;589683;302092
12/nov/24;412941;589683;302092
13/nov/24;412941;589683;302092
14/nov/24;412935;589683;302092
15/nov/24;412931;589683;302092
16/nov/24;412938;589683;302092
17/nov/24;412932;589683;302092
18/nov/24;412932;589683;302092
19/nov/24;412927;589683;302092
20/nov/24;412918;589683;302092
21/nov/24;412908;589683;302092
22/nov/24;412898;589683;302092
23/nov/24;412890;589683;302092
24/nov/24;412873;589683;302092
25/nov/24;412879;589683;302092
26/nov/24;412882;589683;302092
27/nov/24;412887;589683;302092
28/nov/24;412890;589683;302092
29/nov/24;412899;589683;302092
30/nov/24;412894;589683;302092
01/dez/24;412891;589683;302092
02/dez/24;412899;589683;302092
03/dez/24;412906;589683;302092
04/dez/24;412912;589683;302092
05/dez/24;412925;589683;302092
06/dez/24;412927;589683;302092
07/dez/24;412920;589683;302092
08/dez/24;412912;589683;302092
09/dez/24;412916;589683;302092
10/dez/24;412912;589683;302092
11/dez/24;412906;589683;302092
12/dez/24;412902;589683;302092
13/dez/24;412889;589683;302092
14/dez/24;412883;589683;302092
15/dez/24;412886;589683;302092
16/dez/24;412886;589683;302092
17/dez/24;412897;589683;302092
18/dez/24;412901;589683;302092
19/dez/24;412896;589683;302092
20/dez/24;412899;589683;302092
21/dez/24;412883;589683;302092
22/dez/24;412884;589683;302092
23/dez/24;412884;589683;302092
24/dez/24;412887;589683;302092
25/dez/24;412892;589683;302092
26/dez/24;412892;589683;302092
27/dez/24;412902;589683;302092
28/dez/24;412909;589683;302092
30/dez/24;412924;589683;302092
31/dez/24;412940;589683;302092
01/jan/25;412938;589683;302092
02/jan/25;412946;589683;302092
03/jan/25;412946;589683;302092
05/jan/25;412937;589683;302092
06/jan/25;412938;589683;302092
07/jan/25;412938;589683;302092
08/jan/25;412935;589683;302092
09/jan/25;412926;589683;302092
10/jan/25;412927;589683;302092
11/jan/25;412930;589683;302092
12/jan/25;412924;589683;302092
13/jan/25;412927;589683;302092
14/jan/25;412936;589683;302092
15/jan/25;412941;589683;302092
16/jan/25;412948;589683;302092
17/jan/25;412932;589683;302092
18/jan/25;412920;589683;302092
19/jan/25;412916;589683;302092
20/jan/25;412922;589683;302092
21/jan/25;412951;589683;302092
22/jan/25;412948;589683;302092
23/jan/25;412944;589683;302092
24/jan/25;412945;589683;302092
25/jan/25;412935;589683;302092
26/jan/25;412921;589683;302092
27/jan/25;412921;589683;302092
28/jan/25;412913;589683;302092
29/jan/25;412919;589683;302092
30/jan/25;412927;589683;302092
31/jan/25;412923;589683;302092
01/fev/25;412909;589683;302092
02/fev/25;412917;589683;302092
03/fev/25;412919;589683;302092
04/fev/25;412935;589683;302092
05/fev/25;412937;589683;302092
06/fev/25;412916;589683;302092
07/fev/25;412920;589683;302092
08/fev/25;412919;589683;302092
09/fev/25;412912;589683;302092
10/fev/25;412918;589683;302092
11/fev/25;412928;589683;302092
12/fev/25;412915;589683;302092
13/fev/25;412914;589683;302092
14/fev/25;412907;589683;302092
15/fev/25;412892;589683;302092
16/fev/25;412893;589683;302092
17/fev/25;412905;589683;302092
18/fev/25;412906;589683;302092
19/fev/25;412903;589683;302092
20/fev/25;412904;589683;302092
21/fev/25;412895;589683;302092
22/fev/25;412903;589683;302092
23/fev/25;412915;589683;302092
24/fev/25;412916;589683;302092
25/fev/25;412912;589683;302092
26/fev/25;412901;589683;302092
27/fev/25;412894;589683;302092
28/fev/25;412890;589683;302092
01/mar/25;412866;589683;302092
02/mar/25;412886;589683;302092
03/mar/25;412886;589683;302092
04/mar/25;412906;589683;302092
05/mar/25;412882;589683;302092
06/mar/25;412864;589683;302092
07/mar/25;412845;589683;302092
08/mar/25;412836;589683;302092
09/mar/25;412847;589683;302092
10/mar/25;412849;589683;302092
11/mar/25;412863;589683;302092
12/mar/25;412859;589683;302092
13/mar/25;412849;589683;302092
14/mar/25;412843;589683;302092
15/mar/25;412842;589683;302092
16/mar/25;412846;589683;302092
17/mar/25;412850;589683;302092
18/mar/25;412868;589683;302092
19/mar/25;412878;589683;302092
20/mar/25;412879;589683;302092
21/mar/25;412866;589683;302092
22/mar/25;412854;589683;302092
23/mar/25;412859;589683;302092
24/mar/25;412875;589683;302092
25/mar/25;412888;589683;302092
26/mar/25;412888;589683;302092
27/mar/25;412886;589683;302092
28/mar/25;412879;589683;302092
29/mar/25;412875;589683;302092
31/mar/25;412893;589683;302092
01/abr/25;412862;589683;302092
03/abr/25;412889;589683;302092
04/abr/25;412898;589683;302092
05/abr/25;412898;589683;302092
06/abr/25;412901;589683;302092
07/abr/25;412912;589683;302092
08/abr/25;412901;589683;302092
09/abr/25;412893;589683;302092
10/abr/25;412884;589683;302092
11/abr/25;412882;589683;302092
12/abr/25;412864;589683;302092
13/abr/25;412844;589683;302092
14/abr/25;412860;589683;302092
15/abr/25;412868;589683;302092
16/abr/25;412875;589683;302092
17/abr/25;412871;589683;302092
18/abr/25;412868;589683;302092
19/abr/25;412870;589683;302092
20/abr/25;412875;589683;302092
21/abr/25;412883;589683;302092
22/abr/25;412877;589683;302092
23/abr/25;412872;589683;302092
24/abr/25;412881;589683;302092
25/abr/25;412873;589683;302092
26/abr/25;412871;589683;302092
27/abr/25;412868;589683;302092
28/abr/25;412884;589683;302092
29/abr/25;412877;589683;302092
30/abr/25;412865;589683;302092
01/mai/25;412849;589683;302092
02/mai/25;412877;589683;302092
03/mai/25;412879;589683;302092
04/mai/25;412886;589683;302092
05/mai/25;412888;589683;302092
06/mai/25;412890;589683;302092
07/mai/25;412878;589683;302092
08/mai/25;412877;589683;302092
09/mai/25;412879;589683;302092
10/mai/25;412883;589683;302092
11/mai/25;412871;589683;302092
12/mai/25;412882;589683;302092
13/mai/25;412877;589683;302092
14/mai/25;412864;589683;302092
15/mai/25;412868;589683;302092
16/mai/25;412868;589683;302092
17/mai/25;412864;589683;302092
18/mai/25;412868;589683;302092
19/mai/25;412887;589683;302092
20/mai/25;412891;589683;302092
21/mai/25;412894;589683;302092
22/mai/25;412897;589683;302092
23/mai/25;412887;589683;302092
24/mai/25;412879;589683;302092
25/mai/25;412856;589683;302092
26/mai/25;412864;589683;302092
27/mai/25;412862;589683;302092
28/mai/25;412852;589683;302092
29/mai/25;412857;589683;302092
30/mai/25;412863;589683;302092
31/mai/25;412866;589683;302092
01/jun/25;412846;589683;302092
02/jun/25;412862;589683;302092
03/jun/25;412875;589683;302092
04/jun/25;412892;589683;302092
05/jun/25;412900;589683;302092
06/jun/25;412900;589683;302092
07/jun/25;412898;589683;302092
08/jun/25;412895;589683;302092
09/jun/25;412905;589683;302092
10/jun/25;412892;589683;302092
11/jun/25;412890;589683;302092
12/jun/25;412882;589683;302092
13/jun/25;412879;589683;302092
16/jun/25;412850;589683;302092
17/jun/25;412877;589683;302092
18/jun/25;412895;589683;302092
19/jun/25;412904;589683;302092
20/jun/25;412913;589683;302092
21/jun/25;412913;589683;302092
22/jun/25;412902;589683;302092
23/jun/25;412902;589683;302092
24/jun/25;412881;589683;302092
25/jun/25;412888;589683;302092
26/jun/25;412908;589683;302092
27/jun/25;412923;589683;302092
28/jun/25;412912;589683;302092
29/jun/25;412917;589683;302092
30/jun/25;412896;589683;302092
01/jul/25;412900;589683;302092
02/jul/25;412894;589683;302092
03/jul/25;412901;589683;302092
04/jul/25;412917;589683;302092
05/jul/25;412921;589683;302092
06/jul/25;412926;589683;302092
07/jul/25;412929;589683;302092
08/jul/25;412931;589683;302092
09/jul/25;412935;589683;302092
10/jul/25;412917;589683;302092
11/jul/25;412907;589683;302092
12/jul/25;412895;589683;302092
13/jul/25;412885;589683;302092
14/jul/25;412884;589683;302092
15/jul/25;412893;589683;302092
16/jul/25;412904;589683;302092
17/jul/25;412894;589683;302092
18/jul/25;412895;589683;302092
19/jul/25;412903;589683;302092
20/jul/25;412901;589683;302092
21/jul/25;412904;589683;302092
22/jul/25;412913;589683;302092
23/jul/25;412922;589683;302092
24/jul/25;412921;589683;302092
25/jul/25;412932;589683;302092
26/jul/25;412934;589683;302092
27/jul/25;412928;589683;302092
28/jul/25;412935;589683;302092
29/jul/25;412928;589683;302092
30/jul/25;412938;589683;302092
31/jul/25;412941;589683;302092
01/ago/25;412918;589683;302092
02/ago/25;412947;589683;302092
03/ago/25;412966;589683;302092
04/ago/25;412966;589683;302092
05/ago/25;412959;589683;302092
06/ago/25;412959;589683;302092
07/ago/25;412953;589683;302092
08/ago/25;412946;589683;302092
09/ago/25;412935;589683;302092
10/ago/25;412925;589683;302092
11/ago/25;412925;589683;302092
12/ago/25;412941;589683;302092
13/ago/25;412950;589683;302092
14/ago/25;412957;589683;302092
15/ago/25;412964;589683;302092
16/ago/25;412963;589683;302092
17/ago/25;412962;589683;302092
18/ago/25;412963;589683;302092
19/ago/25;412959;589683;302092
20/ago/25;412966;589683;302092
21/ago/25;412954;589683;302092
22/ago/25;412945;589683;302092
23/ago/25;412948;589683;302092
24/ago/25;412949;589683;302092
25/ago/25;412950;589683;302092
26/ago/25;412940;589683;302092
27/ago/25;412957;589683;302092
28/ago/25;412949;589683;302092
29/ago/25;412960;589683;302092
30/ago/25;412952;589683;302092
31/ago/25;412941;589683;302092
01/set/25;412938;589683;302092
02/set/25;412951;589683;302092
03/set/25;412960;589683;302092
04/set/25;412974;589683;302092
05/set/25;412967;589683;302092
06/set/25;412957;589683;302092
07/set/25;412953;589683;302092
08/set/25;412958;589683;302092
09/set/25;412961;589683;302092
10/set/25;412953;589683;302092
11/set/25;412963;589683;302092
12/set/25;412973;589683;302092
13/set/25;412965;589683;302092
14/set/25;412953;589683;302092
15/set/25;412955;589683;302092
16/set/25;412963;589683;302092
17/set/25;412973;589683;302092
18/set/25;412967;589683;302092
19/set/25;412962;589683;302092
20/set/25;412965;589683;302092
21/set/25;412957;589683;302092
22/set/25;412961;589683;302092
23/set/25;412962;589683;302092
24/set/25;412956;589683;302092
25/set/25;412983;589683;302092
29/set/25;412977;589683;302092
30/set/25;412987;589683;302092
01/out/25;412966;589683;302092
02/out/25;412986;589683;302092
03/out/25;412998;589683;302092
04/out/25;413001;589683;302092
05/out/25;413004;589683;302092
06/out/25;413007;589683;302092
07/out/25;413013;589683;302092
09/out/25;413011;589683;302092
10/out/25;413005;589683;302092
11/out/25;412999;589683;302092
12/out/25;412984;589683;302092
13/out/25;412987;589683;302092
14/out/25;413010;589683;302092
15/out/25;413031;589683;302092
16/out/25;413027;589683;302092
17/out/25;413031;589683;302092
18/out/25;413031;589683;302092
20/out/25;413038;589683;302092
21/out/25;413055;589683;302092
22/out/25;413067;589683;302092
23/out/25;413070;589683;302092
25/out/25;413081;589683;302092
26/out/25;413077;589683;302092
27/out/25;413080;589683;302092
28/out/25;413099;589683;302092
29/out/25;413055;589683;302092
30/out/25;413052;589683;302092
31/out/25;413071;589683;302092
01/nov/25;413073;589683;302092
02/nov/25;413095;589683;302092
03/nov/25;413100;589683;302092
04/nov/25;413119;589683;302092
05/nov/25;413115;589683;302092
06/nov/25;413117;589683;302092
07/nov/25;413109;589683;302092
08/nov/25;413094;589683;302092
09/nov/25;413087;589683;302092
10/nov/25;413095;589683;302092
11/nov/25;413092;589683;302092
12/nov/25;413095;589683;302092
13/nov/25;413093;589683;302092
14/nov/25;413097;589683;302092
15/nov/25;413096;589683;302092
17/nov/25;413117;589683;302092
18/nov/25;413116;589683;302092
19/nov/25;413111;589683;302092
20/nov/25;413113;589683;302092
21/nov/25;413098;589683;302092
22/nov/25;413098;589683;302092
23/nov/25;413097;589683;302092
24/nov/25;413099;589683;302092
25/nov/25;413126;589683;302092
26/nov/25;413127;589683;302092
27/nov/25;413130;589683;302092
28/nov/25;413122;589683;302092
29/nov/25;413116;589683;302092
30/nov/25;413095;589683;302092
01/dez/25;413098;589683;302092
02/dez/25;413117;589683;302092
03/dez/25;413119;589683;302092
04/dez/25;413122;589683;302092
05/dez/25;413130;589683;302092
06/dez/25;413120;589683;302092
07/dez/25;413119;589683;302092
08/dez/25;413121;589683;302092
09/dez/25;413142;589683;302092
10/dez/25;413139;589683;302092
11/dez/25;413134;589683;302092
12/dez/25;413121;589683;302092
13/dez/25;413110;589683;302092
14/dez/25;413098;589683;302092
15/dez/25;413099;589683;302092
16/dez/25;413111;589683;302092
17/dez/25;413109;589683;302092
18/dez/25;413110;589683;302092
19/dez/25;413098;589683;302092
20/dez/25;413091;589683;302092
21/dez/25;413088;589683;302092
22/dez/25;413098;589683;302092
23/dez/25;413098;589683;302092
24/dez/25;413110;589683;302092
25/dez/25;413099;589683;302092
26/dez/25;413100;589683;302092
27/dez/25;413119;589683;302092
28/dez/25;413102;589683;302092
29/dez/25;413122;589683;302092
30/dez/25;413150;589683;302092
31/dez/25;413148;589683;302092
01/jan/26;413156;589683;302092
02/jan/26;413156;589683;302092
03/jan/26;413170;589683;302092
04/jan/26;413172;589683;302092
05/jan/26;413172;589683;302092
06/jan/26;413181;589683;302092
07/jan/26;413193;589683;302092
08/jan/26;413198;589683;302092
09/jan/26;413195;589683;302092
10/jan/26;413173;589683;302092
11/jan/26;413170;589683;302092
12/jan/26;413176;589683;302092
13/jan/26;413185;589683;302092
14/jan/26;413197;589683;302092
15/jan/26;413197;589683;302092
16/jan/26;413198;589683;302092
17/jan/26;413198;589683;302092
18/jan/26;413183;589683;302092
19/jan/26;413185;589683;302092
20/jan/26;413193;589683;302092
21/jan/26;413199;589683;302092
22/jan/26;413196;589683;302092
23/jan/26;413187;589683;302092
24/jan/26;413174;589683;302092
25/jan/26;413166;589683;302092
26/jan/26;413165;589683;302092
28/jan/26;413157;589683;302092
29/jan/26;413161;589683;302092
31/jan/26;413167;589683;302092
01/fev/26;413182;589683;302092
02/fev/26;413182;589683;302092
03/fev/26;413192;589683;302092
04/fev/26;413203;589683;302092
05/fev/26;413198;589683;302092
06/fev/26;413184;589683;302092
07/fev/26;413158;589683;302092
08/fev/26;413126;589683;302092
09/fev/26;413126;589683;302092
10/fev/26;413122;589683;302092
11/fev/26;805438;1060930;511418
12/fev/26;783866;1060930;511418
13/fev/26;777711;1060930;511418
14/fev/26;775700;1060930;511418
15/fev/26;781346;1060930;511418
16/fev/26;831962;1060930;511418
17/fev/26;824181;1060930;511418
18/fev/26;821556;1060930;511418
19/fev/26;827083;1060930;511418
20/fev/26;833601;1060930;511418
21/fev/26;833153;1060930;511418
22/fev/26;859320;1060930;511418
23/fev/26;858815;1060930;511418
24/fev/26;863792;1060930;511418
25/fev/26;872449;1060930;511418
26/fev/26;853563;1060930;511418
27/fev/26;835050;1060930;511418
28/fev/26;828262;1060930;511418
01/mar/26;828334;1060930;511418
02/mar/26;829368;1060930;511418
03/mar/26;837080;1060930;511418
04/mar/26;841038;1060930;511418
05/mar/26;835945;1060930;511418
06/mar/26;854343;1060930;511418
07/mar/26;840452;1060930;511418
08/mar/26;840452;1060930;511418
09/mar/26;825514;1060930;511418
10/mar/26;822706;1060930;511418
11/mar/26;815092;1060930;511418
12/mar/26;812254;1060930;511418
13/mar/26;803228;1060930;511418
14/mar/26;787023;1060930;511418
15/mar/26;801777;1060930;511418
16/mar/26;808479;1060930;511418
17/mar/26;816169;1060930;511418
18/mar/26;821313;1060930;511418
19/mar/26;810277;1060930;511418
20/mar/26;791811;1060930;511418
21/mar/26;780283;1060930;511418
22/mar/26;790010;1060930;511418
